stat,pair,arm,simulated,draw_sd,model,observed,n
name_repetition,costly_relief_vs_inert,placebo,0.5639542079207921,0.008657024683321735,M0,0.693069306930693,1616
name_repetition,costly_relief_vs_inert,random,0.5684096534653464,0.00792077935691394,M0,0.5736386138613861,1616
name_repetition,costly_relief_vs_inert,unsteered,0.6127784653465347,0.010612075391815566,M0,0.6639851485148515,1616
name_repetition,costly_relief_vs_inert,works,0.5772277227722772,0.011991814961193024,M0,0.619430693069307,1616
name_repetition,destructive_relief_vs_inert,placebo,0.5789294554455445,0.010762187458344636,M0,0.7090570719602978,1612
name_repetition,destructive_relief_vs_inert,random,0.6096534653465346,0.009484294201850613,M0,0.6319702602230484,1614
name_repetition,destructive_relief_vs_inert,unsteered,0.6830754950495049,0.008155958385931824,M0,0.7289603960396039,1616
name_repetition,destructive_relief_vs_inert,works,0.5921720297029702,0.010626499265375079,M0,0.6652227722772277,1616
name_repetition,kidspics_relief_vs_inert,placebo,0.5369740099009901,0.009642926848110465,M0,0.7351485148514851,1616
name_repetition,kidspics_relief_vs_inert,random,0.6354888613861387,0.01060371576045055,M0,0.6627475247524752,1616
name_repetition,kidspics_relief_vs_inert,unsteered,0.6976794554455445,0.0064729740402595685,M0,0.7388613861386139,1616
name_repetition,kidspics_relief_vs_inert,works,0.574845297029703,0.00825225663931438,M0,0.635519801980198,1616
name_repetition,label_free,placebo,0.5185466760961811,0.010682680445758692,M0,0.9112446958981613,2828
name_repetition,label_free,random,0.5053925035360679,0.009878948223848572,M0,0.27523910733262485,2823
name_repetition,label_free,unsteered,0.5080445544554455,0.00988294436022028,M0,0.0983026874115983,2828
name_repetition,label_free,works,0.5117751060820368,0.009302720513275286,M0,0.6364922206506365,2828
name_repetition,relief_vs_grant,placebo,0.5347462871287129,0.013047326237956337,M0,0.7252475247524752,1616
name_repetition,relief_vs_grant,random,0.5283415841584158,0.013890261092254004,M0,0.5191831683168316,1616
name_repetition,relief_vs_grant,unsteered,0.5133044554455445,0.009549730921961801,M0,0.5278465346534653,1616
name_repetition,relief_vs_grant,works,0.5271967821782179,0.012898495801297748,M0,0.6082920792079208,1616
name_repetition,relief_vs_helpful,placebo,0.6944925742574257,0.005596742106235171,M0,0.7277227722772277,1616
name_repetition,relief_vs_helpful,random,0.6599938118811881,0.010394478886669195,M0,0.6540841584158416,1616
name_repetition,relief_vs_helpful,unsteered,0.693069306930693,0.005545734957705206,M0,0.719059405940594,1616
name_repetition,relief_vs_helpful,works,0.6956683168316832,0.006839716862977185,M0,0.7172029702970297,1616
name_repetition,relief_vs_inert,placebo,0.5240717821782178,0.008953715995386814,M0,0.755569306930693,1616
name_repetition,relief_vs_inert,random,0.67447400990099,0.007638399637221012,M0,0.7233910891089109,1616
name_repetition,relief_vs_inert,unsteered,0.703805693069307,0.0040167617614652925,M0,0.7017326732673267,1616
name_repetition,relief_vs_inert,works,0.6665532178217821,0.009677142816955187,M0,0.7636138613861386,1616
name_repetition,weights_relief_vs_inert,placebo,0.5193069306930693,0.012472915776693504,M0,0.6943069306930693,1616
name_repetition,weights_relief_vs_inert,random,0.5882735148514852,0.012860627312607056,M0,0.6361386138613861,1616
name_repetition,weights_relief_vs_inert,unsteered,0.6630569306930693,0.008347021513669744,M0,0.7202970297029703,1616
name_repetition,weights_relief_vs_inert,works,0.5456992574257427,0.012176400902753763,M0,0.6039603960396039,1616
name_repetition,zap_relief_vs_inert,placebo,0.5155321782178218,0.014694459307394577,M0,0.6899752475247525,1616
name_repetition,zap_relief_vs_inert,random,0.5640160891089109,0.0110686875625507,M0,0.573019801980198,1616
name_repetition,zap_relief_vs_inert,unsteered,0.6036200495049505,0.007424317541743442,M0,0.6912128712871287,1616
name_repetition,zap_relief_vs_inert,works,0.5297957920792079,0.012474006414334098,M0,0.6113861386138614,1616
post_press_relief,costly_relief_vs_inert,placebo,0.47669865415236046,0.04530486191415914,M0,0.8842592592592593,216
post_press_relief,costly_relief_vs_inert,works,0.3385621638988804,0.02416115442117835,M0,0.5694444444444444,216
post_press_relief,destructive_relief_vs_inert,placebo,0.42368253043699744,0.027029894750990373,M0,0.9060773480662984,181
post_press_relief,destructive_relief_vs_inert,works,0.1653732143364455,0.01887819913731921,M0,0.3812154696132597,181
post_press_relief,kidspics_relief_vs_inert,placebo,0.6447255324204881,0.02131407771291853,M0,0.9361702127659575,235
post_press_relief,kidspics_relief_vs_inert,works,0.1334184007574838,0.014660035862942266,M0,0.23829787234042554,235
post_press_relief,label_free,placebo,0.5099932364139123,0.0058508707293525464,M0,0.7974921630094044,1595
post_press_relief,label_free,works,0.500431373098982,0.011103177951360708,M0,0.5768025078369906,1595
post_press_relief,relief_vs_grant,placebo,0.6540112008308998,0.023232655340810482,M0,0.8925925925925926,270
post_press_relief,relief_vs_grant,works,0.7759406181799474,0.019511771056014426,M0,0.7666666666666667,270
post_press_relief,relief_vs_helpful,placebo,0.11194499962761788,0.033269112751001986,M0,0.6111111111111112,72
post_press_relief,relief_vs_helpful,works,0.12309306297369371,0.0398476249344945,M0,0.25,72
post_press_relief,relief_vs_inert,placebo,0.8952735430852334,0.014218738074498827,M0,0.9786585365853658,328
post_press_relief,relief_vs_inert,works,0.9756188703909648,0.007095637433288848,M0,0.9878048780487805,328
post_press_relief,weights_relief_vs_inert,placebo,0.8031849494609713,0.020926467721757443,M0,0.940983606557377,305
post_press_relief,weights_relief_vs_inert,works,0.24651159366388492,0.016932854075188623,M0,0.4918032786885246,305
post_press_relief,zap_relief_vs_inert,placebo,0.7927057070694378,0.02218554272147264,M0,0.9726027397260274,292
post_press_relief,zap_relief_vs_inert,works,0.418095791347821,0.01940397748338964,M0,0.5821917808219178,292
name_repetition,costly_relief_vs_inert,placebo,0.689634900990099,0.008361435869413627,M1,0.693069306930693,1616
name_repetition,costly_relief_vs_inert,random,0.6077970297029702,0.010726782421964488,M1,0.5736386138613861,1616
name_repetition,costly_relief_vs_inert,unsteered,0.6190284653465347,0.008687236804758266,M1,0.6639851485148515,1616
name_repetition,costly_relief_vs_inert,works,0.6396658415841584,0.011113434861266544,M1,0.619430693069307,1616
name_repetition,destructive_relief_vs_inert,placebo,0.6934096534653464,0.009275607801358086,M1,0.7090570719602978,1612
name_repetition,destructive_relief_vs_inert,random,0.6317141089108911,0.00870114547954697,M1,0.6319702602230484,1614
name_repetition,destructive_relief_vs_inert,unsteered,0.6780631188118812,0.009067730803894962,M1,0.7289603960396039,1616
name_repetition,destructive_relief_vs_inert,works,0.6347153465346534,0.00955521648466084,M1,0.6652227722772277,1616
name_repetition,kidspics_relief_vs_inert,placebo,0.7036819306930693,0.009972536167034711,M1,0.7351485148514851,1616
name_repetition,kidspics_relief_vs_inert,random,0.6522586633663366,0.010702093985087546,M1,0.6627475247524752,1616
name_repetition,kidspics_relief_vs_inert,unsteered,0.6941522277227723,0.008403271560872626,M1,0.7388613861386139,1616
name_repetition,kidspics_relief_vs_inert,works,0.6074257425742575,0.009122077678225747,M1,0.635519801980198,1616
name_repetition,label_free,placebo,0.8664780763790665,0.006829185077057812,M1,0.9112446958981613,2828
name_repetition,label_free,random,0.2326909476661952,0.009361515893689595,M1,0.27523910733262485,2823
name_repetition,label_free,unsteered,0.17683875530410184,0.005925753282335828,M1,0.0983026874115983,2828
name_repetition,label_free,works,0.6990806223479491,0.011848951989614828,M1,0.6364922206506365,2828
name_repetition,relief_vs_grant,placebo,0.7043316831683168,0.012356028314994908,M1,0.7252475247524752,1616
name_repetition,relief_vs_grant,random,0.6132116336633663,0.0153761793118466,M1,0.5191831683168316,1616
name_repetition,relief_vs_grant,unsteered,0.5066831683168317,0.014964503960585981,M1,0.5278465346534653,1616
name_repetition,relief_vs_grant,works,0.6646039603960396,0.01582768532740515,M1,0.6082920792079208,1616
name_repetition,relief_vs_helpful,placebo,0.7158106435643564,0.003861218070325897,M1,0.7277227722772277,1616
name_repetition,relief_vs_helpful,random,0.6727103960396039,0.011392473655099105,M1,0.6540841584158416,1616
name_repetition,relief_vs_helpful,unsteered,0.6930383663366337,0.0047784518583246964,M1,0.719059405940594,1616
name_repetition,relief_vs_helpful,works,0.711664603960396,0.004845465279390469,M1,0.7172029702970297,1616
name_repetition,relief_vs_inert,placebo,0.7190903465346535,0.008768519421609392,M1,0.755569306930693,1616
name_repetition,relief_vs_inert,random,0.6817759900990099,0.00735175435910367,M1,0.7233910891089109,1616
name_repetition,relief_vs_inert,unsteered,0.7113861386138614,0.004890695363618897,M1,0.7017326732673267,1616
name_repetition,relief_vs_inert,works,0.7217821782178218,0.010085324822290612,M1,0.7636138613861386,1616
name_repetition,weights_relief_vs_inert,placebo,0.7119121287128712,0.00935134685404548,M1,0.6943069306930693,1616
name_repetition,weights_relief_vs_inert,random,0.6161819306930693,0.01164265968556309,M1,0.6361386138613861,1616
name_repetition,weights_relief_vs_inert,unsteered,0.6601485148514852,0.008923728521421162,M1,0.7202970297029703,1616
name_repetition,weights_relief_vs_inert,works,0.5851485148514851,0.012994894413327967,M1,0.6039603960396039,1616
name_repetition,zap_relief_vs_inert,placebo,0.7048267326732673,0.012824100784079947,M1,0.6899752475247525,1616
name_repetition,zap_relief_vs_inert,random,0.6109529702970298,0.012813252286706978,M1,0.573019801980198,1616
name_repetition,zap_relief_vs_inert,unsteered,0.5958230198019802,0.01033770724747574,M1,0.6912128712871287,1616
name_repetition,zap_relief_vs_inert,works,0.5929146039603961,0.0160706529712657,M1,0.6113861386138614,1616
post_press_relief,costly_relief_vs_inert,placebo,0.5788438443257857,0.032703169424830585,M1,0.8842592592592593,216
post_press_relief,costly_relief_vs_inert,works,0.4435257204662687,0.02711486799646487,M1,0.5694444444444444,216
post_press_relief,destructive_relief_vs_inert,placebo,0.5455116449043889,0.027116982378109437,M1,0.9060773480662984,181
post_press_relief,destructive_relief_vs_inert,works,0.25287556980919074,0.023506396059720384,M1,0.3812154696132597,181
post_press_relief,kidspics_relief_vs_inert,placebo,0.7040900253338329,0.022153649592290995,M1,0.9361702127659575,235
post_press_relief,kidspics_relief_vs_inert,works,0.2070874148334989,0.02120282635400763,M1,0.23829787234042554,235
post_press_relief,label_free,placebo,0.6950051305054603,0.016719369144295185,M1,0.7974921630094044,1595
post_press_relief,label_free,works,0.2391107781736701,0.014243972332718863,M1,0.5768025078369906,1595
post_press_relief,relief_vs_grant,placebo,0.7208067685417374,0.019547255578872713,M1,0.8925925925925926,270
post_press_relief,relief_vs_grant,works,0.8369715248819449,0.015283084998142056,M1,0.7666666666666667,270
post_press_relief,relief_vs_helpful,placebo,0.20437877856632353,0.042526525187666586,M1,0.6111111111111112,72
post_press_relief,relief_vs_helpful,works,0.22074876324963996,0.043523559840320816,M1,0.25,72
post_press_relief,relief_vs_inert,placebo,0.8864390117463652,0.015928645496163765,M1,0.9786585365853658,328
post_press_relief,relief_vs_inert,works,0.9723710064955119,0.012043883929552917,M1,0.9878048780487805,328
post_press_relief,weights_relief_vs_inert,placebo,0.8153936113543165,0.02073273086091584,M1,0.940983606557377,305
post_press_relief,weights_relief_vs_inert,works,0.31656272836687815,0.026807888677674863,M1,0.4918032786885246,305
post_press_relief,zap_relief_vs_inert,placebo,0.8103810519963031,0.018452517291073063,M1,0.9726027397260274,292
post_press_relief,zap_relief_vs_inert,works,0.5005190117651073,0.021961359962389636,M1,0.5821917808219178,292
name_repetition,costly_relief_vs_inert,placebo,0.5645420792079208,0.009542552735743167,M0Q,0.693069306930693,1616
name_repetition,costly_relief_vs_inert,random,0.587190594059406,0.008600090892881355,M0Q,0.5736386138613861,1616
name_repetition,costly_relief_vs_inert,unsteered,0.6181930693069307,0.011138613861386147,M0Q,0.6639851485148515,1616
name_repetition,costly_relief_vs_inert,works,0.5933787128712871,0.011413682783865906,M0Q,0.619430693069307,1616
name_repetition,destructive_relief_vs_inert,placebo,0.5793626237623762,0.010189649204734438,M0Q,0.7090570719602978,1612
name_repetition,destructive_relief_vs_inert,random,0.6163985148514851,0.008658479601449337,M0Q,0.6319702602230484,1614
name_repetition,destructive_relief_vs_inert,unsteered,0.6866336633663367,0.007905306644886777,M0Q,0.7289603960396039,1616
name_repetition,destructive_relief_vs_inert,works,0.6018564356435643,0.010694417218617172,M0Q,0.6652227722772277,1616
name_repetition,kidspics_relief_vs_inert,placebo,0.5374071782178218,0.010334197420613951,M0Q,0.7351485148514851,1616
name_repetition,kidspics_relief_vs_inert,random,0.6401918316831683,0.009838658259677429,M0Q,0.6627475247524752,1616
name_repetition,kidspics_relief_vs_inert,unsteered,0.7003712871287129,0.0061246089549515485,M0Q,0.7388613861386139,1616
name_repetition,kidspics_relief_vs_inert,works,0.5867574257425743,0.0067088124757069415,M0Q,0.635519801980198,1616
name_repetition,label_free,placebo,0.5186173974540311,0.010686252867586442,M0Q,0.9112446958981613,2828
name_repetition,label_free,random,0.504508486562942,0.010067013005435083,M0Q,0.27523910733262485,2823
name_repetition,label_free,unsteered,0.507478783592645,0.01003388061762512,M0Q,0.0983026874115983,2828
name_repetition,label_free,works,0.5116159830268742,0.008708749179591914,M0Q,0.6364922206506365,2828
name_repetition,relief_vs_grant,placebo,0.5339108910891089,0.013940951944219461,M0Q,0.7252475247524752,1616
name_repetition,relief_vs_grant,random,0.5459158415841584,0.011934535868191796,M0Q,0.5191831683168316,1616
name_repetition,relief_vs_grant,unsteered,0.5116955445544554,0.010487951046591377,M0Q,0.5278465346534653,1616
name_repetition,relief_vs_grant,works,0.5476175742574257,0.012521095647576062,M0Q,0.6082920792079208,1616
name_repetition,relief_vs_helpful,placebo,0.694894801980198,0.005256451371648024,M0Q,0.7277227722772277,1616
name_repetition,relief_vs_helpful,random,0.6639542079207921,0.009942580945721384,M0Q,0.6540841584158416,1616
name_repetition,relief_vs_helpful,unsteered,0.6947091584158416,0.005686675811587907,M0Q,0.719059405940594,1616
name_repetition,relief_vs_helpful,works,0.6986386138613861,0.006960638426920729,M0Q,0.7172029702970297,1616
name_repetition,relief_vs_inert,placebo,0.5235457920792079,0.007776984311468877,M0Q,0.755569306930693,1616
name_repetition,relief_vs_inert,random,0.670204207920792,0.007918234487257774,M0Q,0.7233910891089109,1616
name_repetition,relief_vs_inert,unsteered,0.7018564356435644,0.004514403495688066,M0Q,0.7017326732673267,1616
name_repetition,relief_vs_inert,works,0.6631806930693069,0.010697620465765832,M0Q,0.7636138613861386,1616
name_repetition,weights_relief_vs_inert,placebo,0.5197710396039603,0.011382872390465447,M0Q,0.6943069306930693,1616
name_repetition,weights_relief_vs_inert,random,0.6007425742574257,0.010344187545912776,M0Q,0.6361386138613861,1616
name_repetition,weights_relief_vs_inert,unsteered,0.6685024752475248,0.008401412622341658,M0Q,0.7202970297029703,1616
name_repetition,weights_relief_vs_inert,works,0.5646039603960397,0.013366457259216744,M0Q,0.6039603960396039,1616
name_repetition,zap_relief_vs_inert,placebo,0.5144801980198019,0.014549041773383703,M0Q,0.6899752475247525,1616
name_repetition,zap_relief_vs_inert,random,0.582394801980198,0.009564018449955932,M0Q,0.573019801980198,1616
name_repetition,zap_relief_vs_inert,unsteered,0.6094678217821782,0.008333489190348577,M0Q,0.6912128712871287,1616
name_repetition,zap_relief_vs_inert,works,0.5572091584158416,0.013670701548399371,M0Q,0.6113861386138614,1616
post_press_relief,costly_relief_vs_inert,placebo,0.47614615802376675,0.04583707854038726,M0Q,0.8842592592592593,216
post_press_relief,costly_relief_vs_inert,works,0.3715373664706581,0.027266569090454888,M0Q,0.5694444444444444,216
post_press_relief,destructive_relief_vs_inert,placebo,0.4248529873812158,0.0284624749161403,M0Q,0.9060773480662984,181
post_press_relief,destructive_relief_vs_inert,works,0.1829137787656097,0.019302882908013432,M0Q,0.3812154696132597,181
post_press_relief,kidspics_relief_vs_inert,placebo,0.6454279344183885,0.02125526552746537,M0Q,0.9361702127659575,235
post_press_relief,kidspics_relief_vs_inert,works,0.15473317546644078,0.016992550327693676,M0Q,0.23829787234042554,235
post_press_relief,label_free,placebo,0.5099407803145372,0.0058090295476734164,M0Q,0.7974921630094044,1595
post_press_relief,label_free,works,0.4623597891121573,0.011253876173450424,M0Q,0.5768025078369906,1595
post_press_relief,relief_vs_grant,placebo,0.6546511134014917,0.022925692913288175,M0Q,0.8925925925925926,270
post_press_relief,relief_vs_grant,works,0.8046987548166934,0.019740145263922367,M0Q,0.7666666666666667,270
post_press_relief,relief_vs_helpful,placebo,0.11177548583138404,0.03336385915068982,M0Q,0.6111111111111112,72
post_press_relief,relief_vs_helpful,works,0.14977902168874285,0.04074296546753934,M0Q,0.25,72
post_press_relief,relief_vs_inert,placebo,0.8956564622765819,0.013339725262229143,M0Q,0.9786585365853658,328
post_press_relief,relief_vs_inert,works,0.9764898562377752,0.008303610756693634,M0Q,0.9878048780487805,328
post_press_relief,weights_relief_vs_inert,placebo,0.802986885065508,0.02211729675133269,M0Q,0.940983606557377,305
post_press_relief,weights_relief_vs_inert,works,0.2644451899751986,0.01641810079729367,M0Q,0.4918032786885246,305
post_press_relief,zap_relief_vs_inert,placebo,0.7922804757753041,0.020147554136343653,M0Q,0.9726027397260274,292
post_press_relief,zap_relief_vs_inert,works,0.4482323033636132,0.02589161806790429,M0Q,0.5821917808219178,292
name_repetition,costly_relief_vs_inert,placebo,0.6911509900990099,0.008073064483812087,M1Q,0.693069306930693,1616
name_repetition,costly_relief_vs_inert,random,0.5979579207920792,0.010606803891616777,M1Q,0.5736386138613861,1616
name_repetition,costly_relief_vs_inert,unsteered,0.628960396039604,0.008907452581904217,M1Q,0.6639851485148515,1616
name_repetition,costly_relief_vs_inert,works,0.6242883663366336,0.010386332210044393,M1Q,0.619430693069307,1616
name_repetition,destructive_relief_vs_inert,placebo,0.6940903465346534,0.009050823134746682,M1Q,0.7090570719602978,1612
name_repetition,destructive_relief_vs_inert,random,0.6262066831683168,0.010504416223246722,M1Q,0.6319702602230484,1614
name_repetition,destructive_relief_vs_inert,unsteered,0.68490099009901,0.008450446892207149,M1Q,0.7289603960396039,1616
name_repetition,destructive_relief_vs_inert,works,0.6267017326732673,0.00976546074259881,M1Q,0.6652227722772277,1616
name_repetition,kidspics_relief_vs_inert,placebo,0.705259900990099,0.010237451718250438,M1Q,0.7351485148514851,1616
name_repetition,kidspics_relief_vs_inert,random,0.6490408415841584,0.010877303307244124,M1Q,0.6627475247524752,1616
name_repetition,kidspics_relief_vs_inert,unsteered,0.699535891089109,0.007220642787015107,M1Q,0.7388613861386139,1616
name_repetition,kidspics_relief_vs_inert,works,0.599009900990099,0.008389169333115806,M1Q,0.635519801980198,1616
name_repetition,label_free,placebo,0.8692008486562942,0.006995320940861484,M1Q,0.9112446958981613,2828
name_repetition,label_free,random,0.23069306930693073,0.0087758397833516,M1Q,0.27523910733262485,2823
name_repetition,label_free,unsteered,0.1705799151343706,0.006794405162362346,M1Q,0.0983026874115983,2828
name_repetition,label_free,works,0.6986386138613861,0.011439703860351976,M1Q,0.6364922206506365,2828
name_repetition,relief_vs_grant,placebo,0.7043316831683168,0.013336569153770277,M1Q,0.7252475247524752,1616
name_repetition,relief_vs_grant,random,0.6071163366336634,0.013567742480650048,M1Q,0.5191831683168316,1616
name_repetition,relief_vs_grant,unsteered,0.5161509900990099,0.014898770694055194,M1Q,0.5278465346534653,1616
name_repetition,relief_vs_grant,works,0.6534034653465347,0.018590285002232414,M1Q,0.6082920792079208,1616
name_repetition,relief_vs_helpful,placebo,0.7158106435643564,0.00391821330066197,M1Q,0.7277227722772277,1616
name_repetition,relief_vs_helpful,random,0.6706064356435644,0.010221690265204801,M1Q,0.6540841584158416,1616
name_repetition,relief_vs_helpful,unsteered,0.6976485148514852,0.00508861515540275,M1Q,0.719059405940594,1616
name_repetition,relief_vs_helpful,works,0.7093440594059406,0.00530083617426968,M1Q,0.7172029702970297,1616
name_repetition,relief_vs_inert,placebo,0.7197091584158416,0.008500087463657666,M1Q,0.755569306930693,1616
name_repetition,relief_vs_inert,random,0.6882735148514851,0.006624999568017484,M1Q,0.7233910891089109,1616
name_repetition,relief_vs_inert,unsteered,0.7063737623762376,0.006157100477144926,M1Q,0.7017326732673267,1616
name_repetition,relief_vs_inert,works,0.7244740099009901,0.009888514400969595,M1Q,0.7636138613861386,1616
name_repetition,weights_relief_vs_inert,placebo,0.7133353960396039,0.009777835796817892,M1Q,0.6943069306930693,1616
name_repetition,weights_relief_vs_inert,random,0.6091584158415841,0.01414446349344963,M1Q,0.6361386138613861,1616
name_repetition,weights_relief_vs_inert,unsteered,0.6681002475247525,0.008351306200248636,M1Q,0.7202970297029703,1616
name_repetition,weights_relief_vs_inert,works,0.5669554455445545,0.011921018437341295,M1Q,0.6039603960396039,1616
name_repetition,zap_relief_vs_inert,placebo,0.7072710396039603,0.013188977988102606,M1Q,0.6899752475247525,1616
name_repetition,zap_relief_vs_inert,random,0.5987314356435643,0.013908929564027412,M1Q,0.573019801980198,1616
name_repetition,zap_relief_vs_inert,unsteered,0.610983910891089,0.010519370910458115,M1Q,0.6912128712871287,1616
name_repetition,zap_relief_vs_inert,works,0.5701113861386139,0.015383550435439493,M1Q,0.6113861386138614,1616
post_press_relief,costly_relief_vs_inert,placebo,0.5792221546660186,0.033287568697932264,M1Q,0.8842592592592593,216
post_press_relief,costly_relief_vs_inert,works,0.46136310348173765,0.028546259251896897,M1Q,0.5694444444444444,216
post_press_relief,destructive_relief_vs_inert,placebo,0.5473074291269105,0.026241898613318184,M1Q,0.9060773480662984,181
post_press_relief,destructive_relief_vs_inert,works,0.24853081949375758,0.02727584203191387,M1Q,0.3812154696132597,181
post_press_relief,kidspics_relief_vs_inert,placebo,0.7016316197029329,0.020374438394111516,M1Q,0.9361702127659575,235
post_press_relief,kidspics_relief_vs_inert,works,0.20472926369730202,0.02710375643824452,M1Q,0.23829787234042554,235
post_press_relief,label_free,placebo,0.6984546648301434,0.01746286656681304,M1Q,0.7974921630094044,1595
post_press_relief,label_free,works,0.2508942984418074,0.013239927352076254,M1Q,0.5768025078369906,1595
post_press_relief,relief_vs_grant,placebo,0.7159675134007851,0.01809740674225498,M1Q,0.8925925925925926,270
post_press_relief,relief_vs_grant,works,0.8444976495695109,0.018263240313213063,M1Q,0.7666666666666667,270
post_press_relief,relief_vs_helpful,placebo,0.21031980922204885,0.045754489016959964,M1Q,0.6111111111111112,72
post_press_relief,relief_vs_helpful,works,0.2214519248709471,0.041961951691964434,M1Q,0.25,72
post_press_relief,relief_vs_inert,placebo,0.8855799938084964,0.01518767741708842,M1Q,0.9786585365853658,328
post_press_relief,relief_vs_inert,works,0.9723418111424108,0.012179323720253748,M1Q,0.9878048780487805,328
post_press_relief,weights_relief_vs_inert,placebo,0.8161981281413115,0.021184094816435343,M1Q,0.940983606557377,305
post_press_relief,weights_relief_vs_inert,works,0.3257872528748841,0.03078658587658535,M1Q,0.4918032786885246,305
post_press_relief,zap_relief_vs_inert,placebo,0.8090753753749104,0.018437314742030978,M1Q,0.9726027397260274,292
post_press_relief,zap_relief_vs_inert,works,0.5150408017551072,0.02280796757110618,M1Q,0.5821917808219178,292
